{
  "project_info": {
    "project_number": "368608510261",
    "project_id": "frutinhas-92048",
    "storage_bucket": "frutinhas-92048.firebasestorage.app"
  },
  "client": [
    {
      "client_info": {
        "mobilesdk_app_id": "1:368608510261:android:77e1ed2cd742eb40838c7c",
        "android_client_info": {
          "package_name": "com.example.lojahortfruit"
        }
      },
      "oauth_client": [],
      "api_key": [
        {
          "current_key": "AIzaSyD7sjFd_THBZoUKizjfBRr2XVGeV-j-q18"
        }
      ],
      "services": {
        "appinvite_service": {
          "other_platform_oauth_client": []
        }
      }
    }
  ],
  "configuration_version": "1"
}